date, pm25
2023/4/2, 27
2023/4/3, 20
2023/4/4, 17
2023/4/5, 11
2023/4/6, 21
2023/4/7, 19
2023/4/8, 20
2023/4/9, 22
2023/4/10, 16
2023/4/12, 40
2023/4/13, 41
2023/4/14, 34
2023/4/15, 25
2023/4/16, 28
2023/4/17, 22
2023/4/18, 34
2023/4/19, 35
2023/4/20, 35
2023/4/21, 38
2023/4/22, 56
2023/4/23, 54
2023/4/24, 51
2023/4/25, 43
2023/4/26, 76
2023/4/27, 99
2023/4/28, 66
2023/4/29, 70
2023/4/30, 71
2023/1/3, 22
2023/1/4, 26
2023/1/5, 17
2023/1/6, 25
2023/1/7, 30
2023/1/8, 24
2023/1/9, 15
2023/1/10, 30
2023/1/11, 28
2023/1/12, 24
2023/1/13, 20
2023/1/14, 18
2023/1/15, 22
2023/1/16, 21
2023/1/24, 35
2023/1/25, 26
2023/1/26, 30
2023/1/27, 37
2023/1/28, 22
2023/1/29, 19
2023/1/30, 17
2023/1/31, 24
2023/2/1, 26
2023/2/2, 25
2023/2/3, 27
2023/2/4, 26
2023/2/5, 20
2023/2/6, 22
2023/2/7, 20
2023/2/8, 19
2023/2/9, 18
2023/2/10, 26
2023/2/11, 26
2023/2/12, 30
2023/2/13, 17
2023/2/14, 25
2023/2/15, 17
2023/2/16, 9
2023/2/17, 30
2023/2/18, 19
2023/2/19, 20
2023/2/20, 19
2023/2/21, 18
2023/2/22, 29
2023/2/23, 19
2023/2/24, 28
2023/2/25, 23
2023/2/26, 38
2023/3/2, 30
2023/3/3, 37
2023/3/4, 42
2023/3/5, 27
2023/3/6, 22
2023/3/7, 19
2023/3/8, 20
2023/3/9, 30
2023/3/10, 48
2023/3/11, 41
2023/3/12, 36
2023/3/13, 37
2023/3/14, 52
2023/3/15, 49
2023/3/16, 50
2023/3/17, 44
2023/3/18, 56
2023/3/19, 57
2023/3/20, 39
2023/3/21, 38
2023/3/22, 22
2023/3/23, 26
2023/3/24, 24
2023/3/25, 31
2023/3/26, 31
2023/3/27, 27
2023/3/28, 30
2023/3/29, 22
2023/3/30, 31
2023/3/31, 22
2023/4/1, 27
2022/10/2, 27
2022/10/3, 36
2022/10/4, 37
2022/10/5, 39
2022/10/6, 46
2022/10/7, 28
2022/10/8, 33
2022/10/9, 40
2022/10/10, 25
2022/10/11, 38
2022/10/12, 34
2022/10/13, 43
2022/10/14, 48
2022/10/15, 52
2022/10/16, 42
2022/10/17, 37
2022/10/18, 36
2022/10/19, 40
2022/10/20, 41
2022/10/21, 28
2022/10/22, 46
2022/10/23, 30
2022/10/24, 24
2022/10/25, 32
2022/10/26, 39
2022/10/27, 24
2022/10/28, 24
2022/10/29, 34
2022/10/30, 41
2022/10/31, 22
2022/11/1, 40
2022/11/2, 36
2022/11/3, 44
2022/11/4, 42
2022/11/5, 38
2022/11/6, 19
2022/11/7, 15
2022/11/8, 27
2022/11/9, 49
2022/11/10, 58
2022/11/11, 49
2022/11/12, 32
2022/11/13, 43
2022/11/14, 27
2022/11/15, 25
2022/11/16, 22
2022/11/17, 17
2022/11/18, 49
2022/11/19, 40
2022/11/20, 33
2022/11/21, 24
2022/11/22, 33
2022/11/23, 37
2022/11/24, 42
2022/11/25, 33
2022/11/26, 25
2022/11/27, 37
2022/11/28, 41
2022/11/29, 37
2022/11/30, 21
2022/12/1, 31
2022/12/2, 17
2022/12/3, 22
2022/12/4, 31
2022/12/5, 17
2022/12/6, 26
2022/12/7, 23
2022/12/8, 25
2022/12/9, 37
2022/12/10, 45
2022/12/11, 23
2022/12/12, 18
2022/12/13, 22
2022/12/14, 35
2022/12/15, 41
2022/12/16, 30
2022/12/17, 22
2022/12/18, 30
2022/12/19, 36
2022/12/20, 39
2022/12/21, 31
2022/12/22, 32
2022/12/23, 29
2022/12/24, 28
2022/12/25, 30
2022/12/26, 33
2022/12/27, 28
2022/12/28, 35
2022/12/29, 28
2022/12/30, 22
2022/12/31, 18
2023/1/1, 26
2023/1/2, 29
2022/7/2, 29
2022/7/3, 25
2022/7/4, 25
2022/7/5, 42
2022/7/6, 27
2022/7/7, 32
2022/7/8, 25
2022/7/9, 25
2022/7/10, 19
2022/7/11, 20
2022/7/12, 22
2022/7/13, 42
2022/7/14, 38
2022/7/15, 34
2022/7/16, 37
2022/7/17, 35
2022/7/18, 18
2022/7/19, 32
2022/7/20, 32
2022/7/21, 15
2022/7/22, 38
2022/7/23, 46
2022/7/24, 28
2022/7/25, 45
2022/7/26, 49
2022/7/27, 38
2022/7/28, 31
2022/7/29, 36
2022/7/30, 33
2022/7/31, 20
2022/8/1, 15
2022/8/2, 16
2022/8/3, 24
2022/8/4, 41
2022/8/11, 34
2022/8/12, 37
2022/8/13, 54
2022/8/14, 50
2022/8/15, 47
2022/8/16, 31
2022/8/17, 26
2022/8/18, 44
2022/8/19, 34
2022/8/20, 50
2022/8/21, 50
2022/8/22, 47
2022/8/23, 48
2022/8/24, 57
2022/8/25, 43
2022/8/26, 53
2022/8/27, 38
2022/8/28, 37
2022/8/29, 39
2022/8/30, 41
2022/8/31, 41
2022/9/1, 49
2022/9/2, 45
2022/9/3, 38
2022/9/4, 47
2022/9/5, 31
2022/9/6, 43
2022/9/7, 36
2022/9/8, 50
2022/9/9, 56
2022/9/10, 40
2022/9/11, 39
2022/9/12, 31
2022/9/13, 37
2022/9/14, 39
2022/9/15, 39
2022/9/16, 47
2022/9/17, 47
2022/9/18, 29
2022/9/19, 25
2022/9/20, 22
2022/9/21, 22
2022/9/22, 28
2022/9/23, 39
2022/9/24, 49
2022/9/25, 42
2022/9/26, 46
2022/9/27, 31
2022/9/28, 32
2022/9/29, 42
2022/9/30, 51
2022/10/1, 53
2022/4/2, 31
2022/4/3, 28
2022/4/4, 20
2022/4/5, 28
2022/4/6, 26
2022/4/7, 42
2022/4/8, 43
2022/4/9, 36
2022/4/10, 23
2022/4/11, 16
2022/4/12, 16
2022/4/13, 25
2022/4/14, 24
2022/4/15, 21
2022/4/16, 21
2022/4/17, 20
2022/4/18, 25
2022/4/19, 50
2022/4/20, 46
2022/4/21, 38
2022/4/22, 43
2022/5/20, 25
2022/5/21, 39
2022/5/22, 36
2022/5/23, 34
2022/5/24, 42
2022/5/25, 46
2022/5/26, 50
2022/5/27, 27
2022/5/28, 31
2022/5/29, 35
2022/6/2, 31
2022/6/3, 24
2022/6/4, 24
2022/6/5, 24
2022/6/6, 24
2022/6/7, 40
2022/6/8, 34
2022/6/9, 33
2022/6/10, 27
2022/6/11, 37
2022/6/12, 35
2022/6/13, 18
2022/6/14, 28
2022/6/15, 23
2022/6/16, 27
2022/6/17, 19
2022/6/18, 34
2022/6/19, 34
2022/6/20, 32
2022/6/21, 30
2022/6/22, 27
2022/6/23, 22
2022/6/24, 32
2022/6/25, 26
2022/6/26, 34
2022/6/27, 21
2022/6/28, 35
2022/6/29, 24
2022/6/30, 27
2022/7/1, 45
2022/1/4, 15
2022/1/5, 23
2022/1/6, 16
2022/1/7, 15
2022/1/8, 19
2022/1/9, 19
2022/1/10, 12
2022/1/11, 20
2022/1/12, 11
2022/1/13, 20
2022/1/14, 29
2022/1/15, 25
2022/1/16, 27
2022/1/17, 26
2022/1/18, 21
2022/1/19, 11
2022/1/20, 17
2022/1/21, 21
2022/1/22, 20
2022/1/23, 15
2022/1/24, 20
2022/1/25, 28
2022/1/26, 31
2022/1/27, 25
2022/1/28, 22
2022/1/29, 30
2022/1/30, 13
2022/1/31, 14
2022/2/1, 20
2022/2/2, 33
2022/2/3, 26
2022/2/4, 36
2022/2/5, 34
2022/2/6, 21
2022/2/7, 13
2022/2/8, 23
2022/2/9, 24
2022/2/10, 23
2022/2/11, 17
2022/2/12, 21
2022/2/13, 20
2022/2/14, 14
2022/2/15, 15
2022/2/16, 18
2022/2/17, 28
2022/2/18, 29
2022/2/19, 34
2022/2/20, 23
2022/2/21, 23
2022/2/22, 20
2022/2/23, 16
2022/2/24, 22
2022/2/25, 21
2022/2/26, 21
2022/2/27, 19
2022/2/28, 19
2022/3/1, 29
2022/3/2, 23
2022/3/3, 23
2022/3/4, 13
2022/3/5, 14
2022/3/6, 15
2022/3/7, 18
2022/3/8, 26
2022/3/9, 26
2022/3/10, 36
2022/3/11, 31
2022/3/12, 43
2022/3/13, 37
2022/3/14, 17
2022/3/15, 15
2022/3/16, 23
2022/3/17, 18
2022/3/18, 29
2022/3/19, 31
2022/3/20, 28
2022/3/21, 18
2022/3/22, 21
2022/3/23, 31
2022/3/24, 23
2022/3/25, 24
2022/3/26, 31
2022/3/27, 37
2022/3/28, 28
2022/3/29, 27
2022/3/30, 38
2022/3/31, 38
2022/4/1, 42
2021/10/2, 39
2021/10/3, 24
2021/10/4, 22
2021/10/5, 33
2021/10/6, 32
2021/10/7, 38
2021/10/8, 40
2021/10/9, 50
2021/10/10, 40
2021/10/11, 33
2021/10/12, 39
2021/10/13, 44
2021/10/14, 39
2021/10/15, 48
2021/10/16, 53
2021/10/17, 56
2021/10/18, 36
2021/10/19, 27
2021/10/20, 42
2021/10/21, 57
2021/10/22, 32
2021/10/23, 40
2021/10/24, 47
2021/10/25, 23
2021/10/26, 35
2021/10/27, 31
2021/10/28, 28
2021/11/13, 35
2021/11/14, 32
2021/11/15, 30
2021/11/16, 30
2021/11/17, 27
2021/11/18, 29
2021/11/19, 29
2021/11/20, 32
2021/11/21, 19
2021/11/22, 22
2021/11/23, 30
2021/11/24, 22
2021/11/25, 21
2021/11/26, 9
2021/12/2, 26
2021/12/3, 24
2021/12/4, 17
2021/12/5, 15
2021/12/6, 14
2021/12/7, 19
2021/12/8, 23
2021/12/9, 22
2021/12/10, 33
2021/12/11, 30
2021/12/12, 31
2021/12/13, 21
2021/12/14, 25
2021/12/15, 21
2021/12/16, 19
2021/12/21, 23
2021/12/22, 25
2021/12/23, 18
2021/12/24, 22
2021/12/27, 20
2021/12/28, 15
2021/12/29, 21
2021/12/30, 18
2021/12/31, 17
2022/1/1, 16
2022/1/2, 19
2022/1/3, 16
2021/7/2, 46
2021/7/3, 43
2021/7/4, 46
2021/7/5, 43
2021/7/6, 39
2021/7/7, 29
2021/7/8, 33
2021/7/9, 31
2021/7/10, 36
2021/7/11, 42
2021/7/12, 18
2021/7/13, 31
2021/7/14, 24
2021/7/15, 37
2021/7/16, 58
2021/7/17, 61
2021/7/18, 30
2021/7/19, 28
2021/7/20, 33
2021/7/21, 32
2021/7/22, 35
2021/7/23, 34
2021/7/24, 47
2021/7/25, 43
2021/7/26, 23
2021/7/27, 34
2021/7/28, 40
2021/7/29, 28
2021/7/30, 40
2021/7/31, 41
2021/8/1, 34
2021/8/2, 24
2021/8/3, 34
2021/8/4, 41
2021/8/5, 32
2021/8/6, 33
2021/8/7, 31
2021/8/8, 30
2021/8/9, 26
2021/8/10, 37
2021/8/11, 41
2021/8/12, 33
2021/8/13, 40
2021/8/14, 70
2021/8/24, 32
2021/8/25, 39
2021/8/26, 57
2021/8/27, 28
2021/8/28, 43
2021/8/29, 40
2021/8/30, 29
2021/8/31, 47
2021/9/1, 36
2021/9/2, 26
2021/9/3, 54
2021/9/4, 49
2021/9/5, 28
2021/9/6, 26
2021/9/7, 49
2021/9/8, 47
2021/9/9, 38
2021/9/10, 41
2021/9/11, 40
2021/9/12, 42
2021/9/13, 32
2021/9/14, 28
2021/9/15, 48
2021/9/16, 39
2021/9/17, 37
2021/9/18, 50
2021/9/19, 29
2021/9/21, 47
2021/9/22, 39
2021/9/23, 34
2021/9/24, 44
2021/9/25, 37
2021/9/26, 26
2021/9/27, 22
2021/9/28, 34
2021/9/29, 37
2021/9/30, 44
2021/10/1, 31
2021/4/2, 20
2021/4/3, 28
2021/4/4, 13
2021/4/5, 16
2021/4/6, 25
2021/4/7, 32
2021/4/8, 30
2021/4/9, 39
2021/4/10, 38
2021/4/11, 47
2021/4/12, 36
2021/4/13, 44
2021/4/14, 36
2021/4/15, 33
2021/4/16, 41
2021/4/17, 32
2021/4/19, 28
2021/4/20, 51
2021/4/21, 51
2021/4/22, 35
2021/4/23, 33
2021/4/24, 37
2021/4/25, 36
2021/4/26, 28
2021/4/27, 48
2021/4/28, 36
2021/4/29, 35
2021/4/30, 38
2021/5/1, 37
2021/5/2, 36
2021/5/3, 25
2021/5/4, 22
2021/5/5, 29
2021/5/6, 42
2021/5/7, 28
2021/5/8, 33
2021/5/9, 31
2021/5/10, 18
2021/5/11, 28
2021/5/12, 26
2021/5/13, 25
2021/5/14, 27
2021/5/15, 24
2021/5/16, 17
2021/5/17, 28
2021/5/18, 28
2021/5/19, 41
2021/5/20, 47
2021/5/21, 32
2021/5/22, 35
2021/5/23, 35
2021/5/24, 25
2021/5/25, 19
2021/5/26, 21
2021/5/27, 34
2021/5/28, 22
2021/5/29, 30
2021/5/30, 32
2021/5/31, 24
2021/6/1, 32
2021/6/2, 32
2021/6/3, 32
2021/6/4, 32
2021/6/5, 32
2021/6/6, 20
2021/6/7, 25
2021/6/8, 38
2021/6/9, 30
2021/6/10, 44
2021/6/11, 37
2021/6/12, 45
2021/6/13, 51
2021/6/14, 27
2021/6/15, 20
2021/6/16, 38
2021/6/17, 37
2021/6/18, 42
2021/6/19, 53
2021/6/20, 32
2021/6/21, 25
2021/6/22, 36
2021/6/23, 43
2021/6/24, 41
2021/6/25, 50
2021/6/26, 44
2021/6/27, 34
2021/6/28, 33
2021/6/29, 37
2021/6/30, 44
2021/7/1, 38
2021/1/5, 22
2021/1/6, 26
2021/1/7, 28
2021/1/8, 38
2021/1/9, 23
2021/1/10, 19
2021/1/11, 8
2021/1/12, 16
2021/1/13, 18
2021/1/14, 27
2021/1/15, 28
2021/1/16, 19
2021/1/17, 27
2021/1/18, 21
2021/1/19, 27
2021/1/20, 22
2021/1/21, 16
2021/1/22, 18
2021/1/23, 20
2021/1/24, 22
2021/1/25, 18
2021/1/26, 29
2021/1/27, 35
2021/1/28, 27
2021/1/29, 26
2021/1/30, 30
2021/1/31, 20
2021/2/1, 25
2021/2/2, 35
2021/2/3, 29
2021/2/4, 19
2021/2/5, 19
2021/2/6, 26
2021/2/7, 41
2021/2/8, 30
2021/2/9, 28
2021/2/10, 25
2021/2/11, 35
2021/2/12, 25
2021/2/13, 38
2021/2/14, 55
2021/2/15, 50
2021/2/16, 54
2021/2/17, 45
2021/2/18, 32
2021/2/19, 37
2021/2/20, 31
2021/2/21, 19
2021/2/22, 24
2021/2/23, 24
2021/2/24, 25
2021/2/25, 30
2021/2/26, 27
2021/2/27, 22
2021/2/28, 9
2021/3/4, 30
2021/3/5, 33
2021/3/6, 27
2021/3/7, 26
2021/3/8, 21
2021/3/9, 40
2021/3/10, 24
2021/3/11, 25
2021/3/12, 22
2021/3/13, 21
2021/3/14, 24
2021/3/15, 21
2021/3/16, 27
2021/3/17, 32
2021/3/18, 42
2021/3/19, 59
2021/3/20, 35
2021/3/21, 16
2021/3/22, 20
2021/3/23, 28
2021/3/24, 33
2021/3/25, 40
2021/3/26, 38
2021/3/27, 27
2021/3/28, 21
2021/3/29, 21
2021/3/30, 16
2021/3/31, 10
2021/4/1, 15
2020/10/2, 39
2020/10/3, 37
2020/10/4, 23
2020/10/5, 26
2020/10/6, 31
2020/10/7, 39
2020/10/8, 40
2020/10/9, 37
2020/10/10, 33
2020/10/11, 31
2020/10/12, 22
2020/10/13, 30
2020/10/14, 31
2020/10/15, 39
2020/10/16, 38
2020/10/17, 37
2020/10/18, 29
2020/10/19, 27
2020/10/20, 44
2020/10/21, 36
2020/10/22, 36
2020/10/23, 41
2020/10/24, 41
2020/10/25, 39
2020/10/26, 22
2020/10/27, 45
2020/10/28, 49
2020/10/29, 44
2020/10/30, 56
2020/10/31, 41
2020/11/1, 33
2020/11/2, 22
2020/11/3, 29
2020/11/4, 24
2020/11/5, 15
2020/11/6, 17
2020/11/7, 22
2020/11/8, 19
2020/11/9, 19
2020/11/10, 30
2020/11/11, 30
2020/11/12, 49
2020/11/13, 44
2020/11/14, 41
2020/11/15, 44
2020/11/16, 37
2020/11/17, 43
2020/11/18, 51
2020/11/19, 71
2020/11/20, 41
2020/11/21, 32
2020/11/22, 31
2020/11/23, 31
2020/11/24, 40
2020/11/25, 20
2020/11/26, 32
2020/11/27, 37
2020/11/28, 31
2020/11/29, 24
2020/11/30, 21
2020/12/1, 23
2020/12/2, 25
2020/12/3, 37
2020/12/4, 30
2020/12/5, 32
2020/12/6, 29
2020/12/7, 17
2020/12/8, 17
2020/12/9, 27
2020/12/10, 17
2020/12/11, 10
2020/12/12, 26
2020/12/13, 26
2020/12/14, 28
2020/12/15, 30
2020/12/16, 28
2020/12/17, 39
2020/12/18, 29
2020/12/19, 19
2020/12/20, 18
2020/12/21, 20
2020/12/22, 22
2020/12/23, 22
2020/12/24, 24
2020/12/25, 28
2020/12/26, 17
2020/12/27, 12
2020/12/28, 11
2020/12/29, 19
2020/12/30, 18
2020/12/31, 24
2021/1/1, 38
2021/1/2, 22
2021/1/3, 16
2021/1/4, 23
2020/7/2, 52
2020/7/3, 49
2020/7/4, 44
2020/7/5, 23
2020/7/9, 31
2020/7/10, 33
2020/7/11, 37
2020/7/12, 43
2020/7/13, 36
2020/7/14, 29
2020/7/15, 33
2020/7/16, 32
2020/7/17, 73
2020/7/18, 56
2020/7/19, 51
2020/7/20, 40
2020/7/21, 30
2020/7/22, 36
2020/7/23, 37
2020/7/24, 34
2020/7/25, 37
2020/7/26, 32
2020/7/27, 30
2020/7/28, 26
2020/7/29, 45
2020/7/30, 20
2020/7/31, 48
2020/8/1, 67
2020/8/2, 61
2020/8/3, 48
2020/8/4, 42
2020/8/5, 40
2020/8/6, 34
2020/8/7, 36
2020/8/8, 33
2020/8/9, 31
2020/8/10, 24
2020/8/11, 35
2020/8/12, 23
2020/8/13, 34
2020/8/14, 32
2020/8/15, 32
2020/8/16, 30
2020/8/17, 29
2020/8/18, 32
2020/8/19, 33
2020/8/20, 28
2020/8/21, 30
2020/8/22, 26
2020/8/23, 34
2020/8/24, 34
2020/8/25, 35
2020/8/26, 53
2020/8/27, 29
2020/8/28, 38
2020/8/29, 34
2020/8/30, 39
2020/8/31, 41
2020/9/1, 52
2020/9/2, 61
2020/9/3, 54
2020/9/4, 51
2020/9/5, 44
2020/9/6, 41
2020/9/7, 34
2020/9/8, 39
2020/9/9, 37
2020/9/10, 40
2020/9/11, 33
2020/9/12, 38
2020/9/13, 44
2020/9/14, 36
2020/9/15, 24
2020/9/16, 36
2020/9/17, 38
2020/9/18, 37
2020/9/19, 35
2020/9/20, 43
2020/9/21, 31
2020/9/22, 30
2020/9/23, 34
2020/9/24, 39
2020/9/25, 42
2020/9/26, 45
2020/9/27, 30
2020/9/28, 31
2020/9/29, 34
2020/9/30, 33
2020/10/1, 41
2020/4/2, 55
2020/4/3, 50
2020/4/4, 44
2020/4/5, 37
2020/4/6, 35
2020/4/7, 45
2020/4/8, 42
2020/4/9, 47
2020/4/10, 36
2020/4/11, 37
2020/4/12, 47
2020/4/13, 43
2020/4/14, 53
2020/4/15, 44
2020/4/16, 30
2020/4/17, 35
2020/4/18, 40
2020/4/19, 31
2020/4/20, 38
2020/4/21, 61
2020/4/22, 73
2020/4/23, 66
2020/4/24, 57
2020/4/25, 54
2020/4/26, 51
2020/4/27, 35
2020/4/28, 30
2020/4/29, 23
2020/4/30, 35
2020/5/1, 30
2020/5/2, 32
2020/5/3, 40
2020/5/4, 41
2020/5/5, 32
2020/5/6, 37
2020/5/7, 48
2020/5/8, 32
2020/5/9, 46
2020/5/10, 45
2020/5/11, 37
2020/5/12, 52
2020/5/13, 50
2020/5/14, 46
2020/5/15, 66
2020/5/16, 50
2020/5/17, 47
2020/5/18, 45
2020/5/19, 51
2020/5/20, 44
2020/5/21, 31
2020/5/22, 42
2020/5/23, 44
2020/5/24, 42
2020/5/25, 50
2020/5/26, 57
2020/5/27, 45
2020/5/28, 45
2020/5/29, 39
2020/5/30, 30
2020/5/31, 18
2020/6/1, 16
2020/6/2, 37
2020/6/3, 44
2020/6/4, 49
2020/6/5, 35
2020/6/6, 46
2020/6/7, 43
2020/6/8, 31
2020/6/9, 37
2020/6/10, 43
2020/6/11, 48
2020/6/12, 36
2020/6/13, 29
2020/6/14, 45
2020/6/16, 40
2020/6/17, 39
2020/6/18, 36
2020/6/19, 22
2020/6/20, 39
2020/6/21, 48
2020/6/22, 24
2020/6/23, 28
2020/6/24, 51
2020/6/25, 46
2020/6/26, 115
2020/6/27, 80
2020/6/28, 51
2020/6/29, 20
2020/6/30, 44
2020/7/1, 43
2020/1/2, 26
2020/1/3, 34
2020/1/4, 29
2020/1/5, 31
2020/1/6, 19
2020/1/7, 20
2020/1/8, 29
2020/1/9, 15
2020/1/10, 21
2020/1/11, 27
2020/1/12, 41
2020/1/13, 26
2020/1/14, 24
2020/1/15, 21
2020/1/16, 27
2020/1/17, 28
2020/1/18, 29
2020/1/19, 19
2020/1/20, 15
2020/1/21, 25
2020/1/22, 25
2020/1/23, 24
2020/1/24, 32
2020/1/25, 32
2020/1/26, 24
2020/1/27, 27
2020/1/28, 55
2020/1/29, 46
2020/1/30, 63
2020/1/31, 39
2020/2/1, 41
2020/2/2, 37
2020/2/3, 21
2020/2/4, 33
2020/2/5, 41
2020/2/6, 61
2020/2/7, 66
2020/2/8, 71
2020/2/9, 54
2020/2/10, 55
2020/2/11, 37
2020/2/12, 40
2020/2/13, 34
2020/2/14, 36
2020/2/15, 38
2020/2/16, 25
2020/2/17, 12
2020/2/18, 22
2020/2/19, 31
2020/2/20, 28
2020/2/21, 18
2020/2/22, 17
2020/2/23, 32
2020/2/24, 27
2020/2/25, 40
2020/2/26, 52
2020/2/27, 49
2020/2/28, 47
2020/2/29, 33
2020/3/1, 16
2020/3/2, 20
2020/3/3, 30
2020/3/4, 31
2020/3/5, 44
2020/3/6, 45
2020/3/7, 48
2020/3/8, 35
2020/3/9, 26
2020/3/10, 34
2020/3/11, 28
2020/3/12, 29
2020/3/13, 25
2020/3/14, 23
2020/3/15, 20
2020/3/16, 14
2020/3/17, 20
2020/3/18, 27
2020/3/19, 27
2020/3/20, 25
2020/3/21, 32
2020/3/24, 18
2020/3/25, 24
2020/3/26, 26
2020/3/27, 31
2020/3/28, 28
2020/3/29, 24
2020/3/30, 19
2020/3/31, 34
2020/4/1, 39
2019/12/5, 31
2019/12/6, 24
2019/12/7, 33
2019/12/8, 31
2019/12/9, 16
2019/12/10, 22
2019/12/11, 29
2019/12/12, 29
2019/12/13, 23
2019/12/14, 33
2019/12/15, 42
2019/12/16, 26
2019/12/17, 29
2019/12/18, 42
2019/12/19, 34
2019/12/20, 39
2019/12/21, 32
2019/12/22, 20
2019/12/23, 30
2019/12/24, 27
2019/12/25, 27
2019/12/26, 14
2019/12/27, 21
2019/12/28, 21
2019/12/29, 25
2019/12/30, 31